Index,Symbol,Level,Unicode_Name
0,⎶,banalité,BOTTOM SQUARE BRACKET OVER TOP SQUARE BRACKET
1,⨒,banalité,LINE INTEGRATION WITH RECTANGULAR PATH AROUND POLE
2,₎,banalité,SUBSCRIPT RIGHT PARENTHESIS
3,⨛,banalité,INTEGRAL WITH OVERBAR
4,⧇,banalité,SQUARED SMALL CIRCLE
5,⏑,banalité,METRICAL BREVE
6,≪,banalité,MUCH LESS-THAN
7,⦿,banalité,CIRCLED BULLET
8,☨,banalité,CROSS OF LORRAINE
9,⭐,banalité,WHITE MEDIUM STAR
10,⨾,banalité,Z NOTATION RELATIONAL COMPOSITION
11,ℓ,banalité,SCRIPT SMALL L
12,⢼,banalité,BRAILLE PATTERN DOTS-34568
13,◕,banalité,CIRCLE WITH ALL BUT UPPER LEFT QUADRANT BLACK
14,➳,banalité,WHITE-FEATHERED RIGHTWARDS ARROW
15,▄,banalité,LOWER HALF BLOCK
16,⟩,banalité,MATHEMATICAL RIGHT ANGLE BRACKET
17,⚞,banalité,THREE LINES CONVERGING RIGHT
18,╽,banalité,BOX DRAWINGS LIGHT UP AND HEAVY DOWN
19,⡪,banalité,BRAILLE PATTERN DOTS-2467
20,⤐,banalité,RIGHTWARDS TWO-HEADED TRIPLE DASH ARROW
21,⏮,banalité,BLACK LEFT-POINTING DOUBLE TRIANGLE WITH VERTICAL BAR
22,◤,banalité,BLACK UPPER LEFT TRIANGLE
23,⤿,banalité,LOWER LEFT SEMICIRCULAR ANTICLOCKWISE ARROW
24,✬,banalité,BLACK CENTRE WHITE STAR
25,⥋,banalité,LEFT BARB DOWN RIGHT BARB UP HARPOON
26,⟬,banalité,MATHEMATICAL LEFT WHITE TORTOISE SHELL BRACKET
27,∨,banalité,LOGICAL OR
28,Ⓧ,banalité,CIRCLED LATIN CAPITAL LETTER X
29,⠓,banalité,BRAILLE PATTERN DOTS-125
30,⟠,banalité,LOZENGE DIVIDED BY HORIZONTAL RULE
31,‿,banalité,UNDERTIE
32,⅙,banalité,VULGAR FRACTION ONE SIXTH
33,⣰,banalité,BRAILLE PATTERN DOTS-5678
34,Ⓞ,banalité,CIRCLED LATIN CAPITAL LETTER O
35,╘,banalité,BOX DRAWINGS UP SINGLE AND RIGHT DOUBLE
36,₥,banalité,MILL SIGN
37,⠹,banalité,BRAILLE PATTERN DOTS-1456
38,⯠,banalité,CUPIDO
39,⅄,banalité,TURNED SANS-SERIF CAPITAL Y
40,⧲,banalité,ERROR-BARRED WHITE CIRCLE
41,ↄ,banalité,LATIN SMALL LETTER REVERSED C
42,⏧,banalité,ELECTRICAL INTERSECTION
43,⣻,banalité,BRAILLE PATTERN DOTS-1245678
44,✁,banalité,UPPER BLADE SCISSORS
45,⟥,banalité,WHITE SQUARE WITH RIGHTWARDS TICK
46,┾,banalité,BOX DRAWINGS RIGHT HEAVY AND LEFT VERTICAL LIGHT
47,⭧,banalité,NORTH EAST TRIANGLE-HEADED ARROW
48,⨊,banalité,MODULO TWO SUM
49,⢆,banalité,BRAILLE PATTERN DOTS-238
50,⫮,banalité,DOES NOT DIVIDE WITH REVERSED NEGATION SLASH
51,◗,banalité,RIGHT HALF BLACK CIRCLE
52,∈,banalité,ELEMENT OF
53,⠍,banalité,BRAILLE PATTERN DOTS-134
54,⚔,banalité,CROSSED SWORDS
55,♙,banalité,WHITE CHESS PAWN
56,✽,banalité,HEAVY TEARDROP-SPOKED ASTERISK
57,Ⓐ,banalité,CIRCLED LATIN CAPITAL LETTER A
58,⒚,banalité,NUMBER NINETEEN FULL STOP
59,⭇,banalité,REVERSE TILDE OPERATOR ABOVE RIGHTWARDS ARROW
60,⦔,banalité,RIGHT ARC GREATER-THAN BRACKET
61,⪑,banalité,LESS-THAN ABOVE GREATER-THAN ABOVE DOUBLE-LINE EQUAL
62,≭,banalité,NOT EQUIVALENT TO
63,⢚,banalité,BRAILLE PATTERN DOTS-2458
64,➖,banalité,HEAVY MINUS SIGN
65,⛴,banalité,FERRY
66,⛼,première_corruption,HEADSTONE GRAVEYARD SYMBOL
67,⋄,première_corruption,DIAMOND OPERATOR
68,⓵,première_corruption,DOUBLE CIRCLED DIGIT ONE
69,⢧,première_corruption,BRAILLE PATTERN DOTS-12368
70,⯇,première_corruption,BLACK MEDIUM LEFT-POINTING TRIANGLE CENTRED
71,⭸,première_corruption,SOUTH EAST TRIANGLE-HEADED ARROW TO BAR
72,➍,première_corruption,DINGBAT NEGATIVE CIRCLED SANS-SERIF DIGIT FOUR
73,⒤,première_corruption,PARENTHESIZED LATIN SMALL LETTER I
74,⇲,première_corruption,SOUTH EAST ARROW TO CORNER
75,⒝,première_corruption,PARENTHESIZED LATIN SMALL LETTER B
76,⭍,première_corruption,DOWNWARDS TRIANGLE-HEADED ZIGZAG ARROW
77,⊃,première_corruption,SUPERSET OF
78,⍐,première_corruption,APL FUNCTIONAL SYMBOL QUAD UPWARDS ARROW
79,╌,première_corruption,BOX DRAWINGS LIGHT DOUBLE DASH HORIZONTAL
80,╬,première_corruption,BOX DRAWINGS DOUBLE VERTICAL AND HORIZONTAL
81,⩏,première_corruption,DOUBLE SQUARE UNION
82,ℵ,première_corruption,ALEF SYMBOL
83,⊐,première_corruption,SQUARE ORIGINAL OF
84,⑴,première_corruption,PARENTHESIZED DIGIT ONE
85,⮋,première_corruption,DOWNWARDS BLACK CIRCLED WHITE ARROW
86,↦,première_corruption,RIGHTWARDS ARROW FROM BAR
87,⊞,première_corruption,SQUARED PLUS
88,⋻,première_corruption,CONTAINS WITH VERTICAL BAR AT END OF HORIZONTAL STROKE
89,⤪,première_corruption,SOUTH WEST ARROW AND NORTH WEST ARROW
90,℀,première_corruption,ACCOUNT OF
91,ℒ,première_corruption,SCRIPT CAPITAL L
92,⑈,première_corruption,OCR DASH
93,⪰,première_corruption,SUCCEEDS ABOVE SINGLE-LINE EQUALS SIGN
94,⛋,première_corruption,WHITE DIAMOND IN SQUARE
95,⨞,première_corruption,LARGE LEFT TRIANGLE OPERATOR
96,␉,première_corruption,SYMBOL FOR HORIZONTAL TABULATION
97,␏,première_corruption,SYMBOL FOR SHIFT IN
98,ⓖ,première_corruption,CIRCLED LATIN SMALL LETTER G
99,⅂,première_corruption,TURNED SANS-SERIF CAPITAL L
100,⎞,première_corruption,RIGHT PARENTHESIS UPPER HOOK
101,⭬,première_corruption,RIGHTWARDS TRIANGLE-HEADED DASHED ARROW
102,⚻,première_corruption,QUINCUNX
103,❛,première_corruption,HEAVY SINGLE TURNED COMMA QUOTATION MARK ORNAMENT
104,⁸,première_corruption,SUPERSCRIPT EIGHT
105,⫦,première_corruption,LONG DASH FROM LEFT MEMBER OF DOUBLE VERTICAL
106,⧈,première_corruption,SQUARED SQUARE
107,❄,première_corruption,SNOWFLAKE
108,⭛,première_corruption,BACKSLANTED SOUTH ARROW WITH HOOKED TAIL
109,⮞,première_corruption,BLACK RIGHTWARDS EQUILATERAL ARROWHEAD
110,▲,première_corruption,BLACK UP-POINTING TRIANGLE
111,☪,première_corruption,STAR AND CRESCENT
112,⊭,première_corruption,NOT TRUE
113,⌺,première_corruption,APL FUNCTIONAL SYMBOL QUAD DIAMOND
114,⟨,première_corruption,MATHEMATICAL LEFT ANGLE BRACKET
115,⁻,première_corruption,SUPERSCRIPT MINUS
116,≎,première_corruption,GEOMETRICALLY EQUIVALENT TO
117,Ⓢ,première_corruption,CIRCLED LATIN CAPITAL LETTER S
118,⌘,première_corruption,PLACE OF INTEREST SIGN
119,ₜ,première_corruption,LATIN SUBSCRIPT SMALL LETTER T
120,ⓓ,première_corruption,CIRCLED LATIN SMALL LETTER D
121,⣁,première_corruption,BRAILLE PATTERN DOTS-178
122,⋽,première_corruption,CONTAINS WITH OVERBAR
123,⦙,première_corruption,DOTTED FENCE
124,⃪,première_corruption,COMBINING LEFTWARDS ARROW OVERLAY
125,␎,première_corruption,SYMBOL FOR SHIFT OUT
126,❚,première_corruption,HEAVY VERTICAL BAR
127,⣡,première_corruption,BRAILLE PATTERN DOTS-1678
128,⠳,première_corruption,BRAILLE PATTERN DOTS-1256
129,⭦,première_corruption,NORTH WEST TRIANGLE-HEADED ARROW
130,⣝,première_corruption,BRAILLE PATTERN DOTS-134578
131,✃,première_corruption,LOWER BLADE SCISSORS
132,‰,première_corruption,PER MILLE SIGN
133,➰,transgression_symbolique,CURLY LOOP
134,⪞,transgression_symbolique,SIMILAR OR GREATER-THAN
135,⯩,transgression_symbolique,RIGHT HALF BLACK STAR
136,␆,transgression_symbolique,SYMBOL FOR ACKNOWLEDGE
137,⛥,transgression_symbolique,RIGHT-HANDED INTERLACED PENTAGRAM
138,⡑,transgression_symbolique,BRAILLE PATTERN DOTS-157
139,☐,transgression_symbolique,BALLOT BOX
140,⋗,transgression_symbolique,GREATER-THAN WITH DOT
141,⭫,transgression_symbolique,UPWARDS TRIANGLE-HEADED DASHED ARROW
142,▰,transgression_symbolique,BLACK PARALLELOGRAM
143,➿,transgression_symbolique,DOUBLE CURLY LOOP
144,⃤,transgression_symbolique,COMBINING ENCLOSING UPWARD POINTING TRIANGLE
145,⬜,transgression_symbolique,WHITE LARGE SQUARE
146,⣾,transgression_symbolique,BRAILLE PATTERN DOTS-2345678
147,⫰,transgression_symbolique,VERTICAL LINE WITH CIRCLE BELOW
148,⠝,transgression_symbolique,BRAILLE PATTERN DOTS-1345
149,♭,transgression_symbolique,MUSIC FLAT SIGN
150,ₑ,transgression_symbolique,LATIN SUBSCRIPT SMALL LETTER E
151,⥩,transgression_symbolique,RIGHTWARDS HARPOON WITH BARB DOWN ABOVE LEFTWARDS HARPOON WITH BARB DOWN
152,⤻,transgression_symbolique,BOTTOM ARC ANTICLOCKWISE ARROW
153,⦘,transgression_symbolique,RIGHT BLACK TORTOISE SHELL BRACKET
154,↹,transgression_symbolique,LEFTWARDS ARROW TO BAR OVER RIGHTWARDS ARROW TO BAR
155,⒅,transgression_symbolique,PARENTHESIZED NUMBER EIGHTEEN
156,⏎,transgression_symbolique,RETURN SYMBOL
157,◖,transgression_symbolique,LEFT HALF BLACK CIRCLE
158,⌍,transgression_symbolique,BOTTOM LEFT CROP
159,⇠,transgression_symbolique,LEFTWARDS DASHED ARROW
160,◎,transgression_symbolique,BULLSEYE
161,╅,transgression_symbolique,BOX DRAWINGS LEFT DOWN HEAVY AND RIGHT UP LIGHT
162,⡛,transgression_symbolique,BRAILLE PATTERN DOTS-12457
163,⫍,transgression_symbolique,SQUARE LEFT OPEN BOX OPERATOR
164,⢖,transgression_symbolique,BRAILLE PATTERN DOTS-2358
165,➹,transgression_symbolique,HEAVY BLACK-FEATHERED NORTH EAST ARROW
166,⪅,transgression_symbolique,LESS-THAN OR APPROXIMATE
167,┰,transgression_symbolique,BOX DRAWINGS DOWN HEAVY AND HORIZONTAL LIGHT
168,‬,transgression_symbolique,POP DIRECTIONAL FORMATTING
169,⎜,transgression_symbolique,LEFT PARENTHESIS EXTENSION
170,⢏,transgression_symbolique,BRAILLE PATTERN DOTS-12348
171,⎱,transgression_symbolique,UPPER RIGHT OR LOWER LEFT CURLY BRACKET SECTION
172,⩮,transgression_symbolique,EQUALS WITH ASTERISK
173,⟿,transgression_symbolique,LONG RIGHTWARDS SQUIGGLE ARROW
174,⭑,transgression_symbolique,BLACK SMALL STAR
175,⧍,transgression_symbolique,TRIANGLE WITH SERIFS AT BOTTOM
176,⯱,transgression_symbolique,ERIS FORM TWO
177,╍,transgression_symbolique,BOX DRAWINGS HEAVY DOUBLE DASH HORIZONTAL
178,⚳,transgression_symbolique,CERES
179,⓴,transgression_symbolique,NEGATIVE CIRCLED NUMBER TWENTY
180,⯯,transgression_symbolique,DOWNWARDS TWO-HEADED ARROW WITH TRIANGLE ARROWHEADS
181,␢,transgression_symbolique,BLANK SYMBOL
182,•,transgression_symbolique,BULLET
183,✢,transgression_symbolique,FOUR TEARDROP-SPOKED ASTERISK
184,☰,transgression_symbolique,TRIGRAM FOR HEAVEN
185,⍟,transgression_symbolique,APL FUNCTIONAL SYMBOL CIRCLE STAR
186,⥴,transgression_symbolique,RIGHTWARDS ARROW ABOVE TILDE OPERATOR
187,⤊,transgression_symbolique,UPWARDS TRIPLE ARROW
188,ⅉ,transgression_symbolique,DOUBLE-STRUCK ITALIC SMALL J
189,‪,transgression_symbolique,LEFT-TO-RIGHT EMBEDDING
190,⠡,transgression_symbolique,BRAILLE PATTERN DOTS-16
191,⩥,transgression_symbolique,Z NOTATION RANGE ANTIRESTRICTION
192,ⅱ,transgression_symbolique,SMALL ROMAN NUMERAL TWO
193,⎴,transgression_symbolique,TOP SQUARE BRACKET
194,⠌,transgression_symbolique,BRAILLE PATTERN DOTS-34
195,↤,transgression_symbolique,LEFTWARDS ARROW FROM BAR
196,⥵,transgression_symbolique,RIGHTWARDS ARROW ABOVE ALMOST EQUAL TO
197,⮜,transgression_symbolique,BLACK LEFTWARDS EQUILATERAL ARROWHEAD
198,K,transgression_symbolique,KELVIN SIGN
199,∹,transgression_symbolique,EXCESS
200,╭,violation_sacrée,BOX DRAWINGS LIGHT ARC DOWN AND RIGHT
201,℞,violation_sacrée,PRESCRIPTION TAKE
202,➮,violation_sacrée,HEAVY UPPER RIGHT-SHADOWED WHITE RIGHTWARDS ARROW
203,⨤,violation_sacrée,PLUS SIGN WITH TILDE ABOVE
204,⫝,violation_sacrée,NONFORKING
205,⪏,violation_sacrée,LESS-THAN ABOVE SIMILAR ABOVE GREATER-THAN
206,⯀,violation_sacrée,BLACK SQUARE CENTRED
207,⚅,violation_sacrée,DIE FACE-6
208,⋓,violation_sacrée,DOUBLE UNION
209,⫳,violation_sacrée,PARALLEL WITH TILDE OPERATOR
210,⪆,violation_sacrée,GREATER-THAN OR APPROXIMATE
211,↶,violation_sacrée,ANTICLOCKWISE TOP SEMICIRCLE ARROW
212,⃒,violation_sacrée,COMBINING LONG VERTICAL LINE OVERLAY
213,‶,violation_sacrée,REVERSED DOUBLE PRIME
214,⌞,violation_sacrée,BOTTOM LEFT CORNER
215,↠,violation_sacrée,RIGHTWARDS TWO HEADED ARROW
216,⚫,violation_sacrée,MEDIUM BLACK CIRCLE
217,⮑,violation_sacrée,RETURN RIGHT
218,⑱,violation_sacrée,CIRCLED NUMBER EIGHTEEN
219,⫼,violation_sacrée,LARGE TRIPLE VERTICAL BAR OPERATOR
220,⋂,violation_sacrée,N-ARY INTERSECTION
221,⧷,violation_sacrée,REVERSE SOLIDUS WITH HORIZONTAL STROKE
222,↖,violation_sacrée,NORTH WEST ARROW
223,⍻,violation_sacrée,NOT CHECK MARK
224,⯦,violation_sacrée,VULCANUS
225,␃,violation_sacrée,SYMBOL FOR END OF TEXT
226,⠵,violation_sacrée,BRAILLE PATTERN DOTS-1356
227,➋,violation_sacrée,DINGBAT NEGATIVE CIRCLED SANS-SERIF DIGIT TWO
228,╷,violation_sacrée,BOX DRAWINGS LIGHT DOWN
229,⥜,violation_sacrée,UPWARDS HARPOON WITH BARB RIGHT FROM BAR
230,⬦,violation_sacrée,WHITE MEDIUM DIAMOND
231,⭜,violation_sacrée,SLANTED NORTH ARROW WITH HORIZONTAL TAIL
232,⫺,violation_sacrée,DOUBLE-LINE SLANTED GREATER-THAN OR EQUAL TO
233,Ⓔ,violation_sacrée,CIRCLED LATIN CAPITAL LETTER E
234,♎,violation_sacrée,LIBRA
235,₴,violation_sacrée,HRYVNIA SIGN
236,☆,violation_sacrée,WHITE STAR
237,⛇,violation_sacrée,BLACK SNOWMAN
238,⛭,violation_sacrée,GEAR WITHOUT HUB
239,♷,violation_sacrée,RECYCLING SYMBOL FOR TYPE-5 PLASTICS
240,☈,violation_sacrée,THUNDERSTORM
241,♯,violation_sacrée,MUSIC SHARP SIGN
242,⓳,violation_sacrée,NEGATIVE CIRCLED NUMBER NINETEEN
243,⪂,violation_sacrée,GREATER-THAN OR SLANTED EQUAL TO WITH DOT ABOVE
244,❒,violation_sacrée,UPPER RIGHT SHADOWED WHITE SQUARE
245,⣼,violation_sacrée,BRAILLE PATTERN DOTS-345678
246,⧻,violation_sacrée,TRIPLE PLUS
247,⬎,violation_sacrée,RIGHTWARDS ARROW WITH TIP DOWNWARDS
248,⬝,violation_sacrée,BLACK VERY SMALL SQUARE
249,ⅴ,violation_sacrée,SMALL ROMAN NUMERAL FIVE
250,♿,violation_sacrée,WHEELCHAIR SYMBOL
251,⣽,violation_sacrée,BRAILLE PATTERN DOTS-1345678
252,▊,violation_sacrée,LEFT THREE QUARTERS BLOCK
253,▖,violation_sacrée,QUADRANT LOWER LEFT
254,ⅲ,violation_sacrée,SMALL ROMAN NUMERAL THREE
255,➞,violation_sacrée,HEAVY TRIANGLE-HEADED RIGHTWARDS ARROW
256,⢣,violation_sacrée,BRAILLE PATTERN DOTS-1268
257,–,violation_sacrée,EN DASH
258,⦚,violation_sacrée,VERTICAL ZIGZAG LINE
259,⩎,violation_sacrée,DOUBLE SQUARE INTERSECTION
260,⪣,violation_sacrée,DOUBLE NESTED LESS-THAN WITH UNDERBAR
261,∵,violation_sacrée,BECAUSE
262,⬄,violation_sacrée,LEFT RIGHT WHITE ARROW
263,⁚,violation_sacrée,TWO DOT PUNCTUATION
264,⑭,violation_sacrée,CIRCLED NUMBER FOURTEEN
265,⇥,violation_sacrée,RIGHTWARDS ARROW TO BAR
266,⥌,violation_sacrée,UP BARB RIGHT DOWN BARB LEFT HARPOON
267,⃘,violation_sacrée,COMBINING RING OVERLAY
268,⬒,violation_sacrée,SQUARE WITH TOP HALF BLACK
269,➘,violation_sacrée,HEAVY SOUTH EAST ARROW
270,⌡,violation_sacrée,BOTTOM HALF INTEGRAL
271,⮂,violation_sacrée,RIGHTWARDS TRIANGLE-HEADED ARROW OVER LEFTWARDS TRIANGLE-HEADED ARROW
272,⡃,violation_sacrée,BRAILLE PATTERN DOTS-127
273,—,violation_sacrée,EM DASH
274,⟢,violation_sacrée,WHITE CONCAVE-SIDED DIAMOND WITH LEFTWARDS TICK
275,⨥,violation_sacrée,PLUS SIGN WITH DOT BELOW
276,⮌,violation_sacrée,ANTICLOCKWISE TRIANGLE-HEADED RIGHT U-SHAPED ARROW
277,⏝,violation_sacrée,BOTTOM PARENTHESIS
278,℺,violation_sacrée,ROTATED CAPITAL Q
279,⏦,violation_sacrée,AC CURRENT
280,⟄,violation_sacrée,OPEN SUPERSET
281,⤵,violation_sacrée,ARROW POINTING RIGHTWARDS THEN CURVING DOWNWARDS
282,⎽,violation_sacrée,HORIZONTAL SCAN LINE-9
283,⢊,violation_sacrée,BRAILLE PATTERN DOTS-248
284,⪕,violation_sacrée,SLANTED EQUAL TO OR LESS-THAN
285,⪴,violation_sacrée,SUCCEEDS ABOVE EQUALS SIGN
286,▾,violation_sacrée,BLACK DOWN-POINTING SMALL TRIANGLE
287,▀,violation_sacrée,UPPER HALF BLOCK
288,⓬,violation_sacrée,NEGATIVE CIRCLED NUMBER TWELVE
289,╙,violation_sacrée,BOX DRAWINGS UP DOUBLE AND RIGHT SINGLE
290,⡾,violation_sacrée,BRAILLE PATTERN DOTS-234567
291,✳,violation_sacrée,EIGHT SPOKED ASTERISK
292,⫪,violation_sacrée,DOUBLE DOWN TACK
293,⨭,violation_sacrée,PLUS SIGN IN LEFT HALF CIRCLE
294,ⓠ,violation_sacrée,CIRCLED LATIN SMALL LETTER Q
295,⏃,violation_sacrée,DENTISTRY SYMBOL LIGHT VERTICAL WITH TRIANGLE
296,⩗,violation_sacrée,SLOPING LARGE OR
297,⮀,violation_sacrée,LEFTWARDS TRIANGLE-HEADED ARROW OVER RIGHTWARDS TRIANGLE-HEADED ARROW
298,☝,violation_sacrée,WHITE UP POINTING INDEX
299,♪,violation_sacrée,EIGHTH NOTE
300,⇞,corruption_antique,UPWARDS ARROW WITH DOUBLE STROKE
301,⏹,corruption_antique,BLACK SQUARE FOR STOP
302,⪿,corruption_antique,SUBSET WITH PLUS SIGN BELOW
303,⍳,corruption_antique,APL FUNCTIONAL SYMBOL IOTA
304,∧,corruption_antique,LOGICAL AND
305,⣘,corruption_antique,BRAILLE PATTERN DOTS-4578
306,⟾,corruption_antique,LONG RIGHTWARDS DOUBLE ARROW FROM BAR
307,…,corruption_antique,HORIZONTAL ELLIPSIS
308,⢓,corruption_antique,BRAILLE PATTERN DOTS-1258
309,⏗,corruption_antique,METRICAL TRISEME
310,⭰,corruption_antique,LEFTWARDS TRIANGLE-HEADED ARROW TO BAR
311,⢰,corruption_antique,BRAILLE PATTERN DOTS-568
312,↨,corruption_antique,UP DOWN ARROW WITH BASE
313,⦭,corruption_antique,MEASURED ANGLE WITH OPEN ARM ENDING IN ARROW POINTING LEFT AND UP
314,☶,corruption_antique,TRIGRAM FOR MOUNTAIN
315,⁺,corruption_antique,SUPERSCRIPT PLUS SIGN
316,⋾,corruption_antique,SMALL CONTAINS WITH OVERBAR
317,❹,corruption_antique,DINGBAT NEGATIVE CIRCLED DIGIT FOUR
318,Ⓟ,corruption_antique,CIRCLED LATIN CAPITAL LETTER P
319,➔,corruption_antique,HEAVY WIDE-HEADED RIGHTWARDS ARROW
320,└,corruption_antique,BOX DRAWINGS LIGHT UP AND RIGHT
321,⩒,corruption_antique,LOGICAL OR WITH DOT ABOVE
322,◐,corruption_antique,CIRCLE WITH LEFT HALF BLACK
323,⎎,corruption_antique,HYSTERESIS SYMBOL
324,⇼,corruption_antique,LEFT RIGHT ARROW WITH DOUBLE VERTICAL STROKE
325,◯,corruption_antique,LARGE CIRCLE
326,⩾,corruption_antique,GREATER-THAN OR SLANTED EQUAL TO
327,⒳,corruption_antique,PARENTHESIZED LATIN SMALL LETTER X
328,⋤,corruption_antique,SQUARE IMAGE OF OR NOT EQUAL TO
329,₹,corruption_antique,INDIAN RUPEE SIGN
330,⁁,corruption_antique,CARET INSERTION POINT
331,✊,corruption_antique,RAISED FIST
332,⃭,corruption_antique,COMBINING LEFTWARDS HARPOON WITH BARB DOWNWARDS
333,⍂,corruption_antique,APL FUNCTIONAL SYMBOL QUAD BACKSLASH
334,⧆,corruption_antique,SQUARED ASTERISK
335,♹,corruption_antique,RECYCLING SYMBOL FOR TYPE-7 PLASTICS
336,⠃,corruption_antique,BRAILLE PATTERN DOTS-12
337,⮈,corruption_antique,LEFTWARDS BLACK CIRCLED WHITE ARROW
338,‒,corruption_antique,FIGURE DASH
339,≦,corruption_antique,LESS-THAN OVER EQUAL TO
340,⯽,corruption_antique,PASSED SYMBOL
341,⌷,corruption_antique,APL FUNCTIONAL SYMBOL SQUISH QUAD
342,⍧,corruption_antique,APL FUNCTIONAL SYMBOL LEFT SHOE STILE
343,↥,corruption_antique,UPWARDS ARROW FROM BAR
344,Ⓩ,corruption_antique,CIRCLED LATIN CAPITAL LETTER Z
345,❔,corruption_antique,WHITE QUESTION MARK ORNAMENT
346,△,corruption_antique,WHITE UP-POINTING TRIANGLE
347,❊,corruption_antique,EIGHT TEARDROP-SPOKED PROPELLER ASTERISK
348,⣈,corruption_antique,BRAILLE PATTERN DOTS-478
349,⚁,corruption_antique,DIE FACE-2
350,ⅅ,corruption_antique,DOUBLE-STRUCK ITALIC CAPITAL D
351,⭘,corruption_antique,HEAVY CIRCLE
352,⫶,corruption_antique,TRIPLE COLON OPERATOR
353,⢳,corruption_antique,BRAILLE PATTERN DOTS-12568
354,↚,corruption_antique,LEFTWARDS ARROW WITH STROKE
355,⥔,corruption_antique,UPWARDS HARPOON WITH BARB RIGHT TO BAR
356,⊝,corruption_antique,CIRCLED DASH
357,≩,corruption_antique,GREATER-THAN BUT NOT EQUAL TO
358,⋹,corruption_antique,ELEMENT OF WITH TWO HORIZONTAL STROKES
359,▃,corruption_antique,LOWER THREE EIGHTHS BLOCK
360,⪡,corruption_antique,DOUBLE NESTED LESS-THAN
361,⋈,corruption_antique,BOWTIE
362,⥂,corruption_antique,RIGHTWARDS ARROW ABOVE SHORT LEFTWARDS ARROW
363,⇋,corruption_antique,LEFTWARDS HARPOON OVER RIGHTWARDS HARPOON
364,‘,corruption_antique,LEFT SINGLE QUOTATION MARK
365,⎂,corruption_antique,DISCONTINUOUS UNDERLINE SYMBOL
366,␄,corruption_antique,SYMBOL FOR END OF TRANSMISSION
367,⛉,corruption_antique,TURNED WHITE SHOGI PIECE
368,₤,corruption_antique,LIRA SIGN
369,⍾,corruption_antique,BELL SYMBOL
370,※,corruption_antique,REFERENCE MARK
371,⌌,corruption_antique,BOTTOM RIGHT CROP
372,⟌,corruption_antique,LONG DIVISION
373,⒠,corruption_antique,PARENTHESIZED LATIN SMALL LETTER E
374,⨖,corruption_antique,QUATERNION INTEGRAL OPERATOR
375,⌹,corruption_antique,APL FUNCTIONAL SYMBOL QUAD DIVIDE
376,⬱,corruption_antique,THREE LEFTWARDS ARROWS
377,⤎,corruption_antique,LEFTWARDS TRIPLE DASH ARROW
378,⩋,corruption_antique,INTERSECTION BESIDE AND JOINED WITH INTERSECTION
379,⁫,corruption_antique,ACTIVATE SYMMETRIC SWAPPING
380,⑵,corruption_antique,PARENTHESIZED DIGIT TWO
381,⣦,corruption_antique,BRAILLE PATTERN DOTS-23678
382,╦,corruption_antique,BOX DRAWINGS DOUBLE DOWN AND HORIZONTAL
383,⅑,corruption_antique,VULGAR FRACTION ONE NINTH
384,⧎,corruption_antique,RIGHT TRIANGLE ABOVE LEFT TRIANGLE
385,₍,corruption_antique,SUBSCRIPT LEFT PARENTHESIS
386,₣,corruption_antique,FRENCH FRANC SIGN
387,✅,corruption_antique,WHITE HEAVY CHECK MARK
388,⋭,corruption_antique,DOES NOT CONTAIN AS NORMAL SUBGROUP OR EQUAL
389,⎑,corruption_antique,PASSIVE-PULL-DOWN-OUTPUT SYMBOL
390,⟴,corruption_antique,RIGHT ARROW WITH CIRCLED PLUS
391,ℰ,corruption_antique,SCRIPT CAPITAL E
392,℁,corruption_antique,ADDRESSED TO THE SUBJECT
393,⎄,corruption_antique,COMPOSITION SYMBOL
394,⌽,corruption_antique,APL FUNCTIONAL SYMBOL CIRCLE STILE
395,♵,corruption_antique,RECYCLING SYMBOL FOR TYPE-3 PLASTICS
396,⇅,corruption_antique,UPWARDS ARROW LEFTWARDS OF DOWNWARDS ARROW
397,╳,corruption_antique,BOX DRAWINGS LIGHT DIAGONAL CROSS
398,⭃,corruption_antique,RIGHTWARDS ARROW THROUGH GREATER-THAN
399,⃢,corruption_antique,COMBINING ENCLOSING SCREEN
400,┇,chaos_ordonné,BOX DRAWINGS HEAVY TRIPLE DASH VERTICAL
401,⡅,chaos_ordonné,BRAILLE PATTERN DOTS-137
402,⚆,chaos_ordonné,WHITE CIRCLE WITH DOT RIGHT
403,⁃,chaos_ordonné,HYPHEN BULLET
404,↗,chaos_ordonné,NORTH EAST ARROW
405,❏,chaos_ordonné,LOWER RIGHT DROP-SHADOWED WHITE SQUARE
406,ⅶ,chaos_ordonné,SMALL ROMAN NUMERAL SEVEN
407,✟,chaos_ordonné,OUTLINED LATIN CROSS
408,‥,chaos_ordonné,TWO DOT LEADER
409,⢹,chaos_ordonné,BRAILLE PATTERN DOTS-14568
410,⌿,chaos_ordonné,APL FUNCTIONAL SYMBOL SLASH BAR
411,ⅸ,chaos_ordonné,SMALL ROMAN NUMERAL NINE
412,⁴,chaos_ordonné,SUPERSCRIPT FOUR
413,⠗,chaos_ordonné,BRAILLE PATTERN DOTS-1235
414,⯕,chaos_ordonné,PLUTO FORM FOUR
415,⇐,chaos_ordonné,LEFTWARDS DOUBLE ARROW
416,⓽,chaos_ordonné,DOUBLE CIRCLED DIGIT NINE
417,⑉,chaos_ordonné,OCR CUSTOMER ACCOUNT NUMBER
418,ₘ,chaos_ordonné,LATIN SUBSCRIPT SMALL LETTER M
419,⦷,chaos_ordonné,CIRCLED PARALLEL
420,⑄,chaos_ordonné,OCR BELT BUCKLE
421,┡,chaos_ordonné,BOX DRAWINGS DOWN LIGHT AND RIGHT UP HEAVY
422,⧨,chaos_ordonné,DOWN-POINTING TRIANGLE WITH LEFT HALF BLACK
423,╲,chaos_ordonné,BOX DRAWINGS LIGHT DIAGONAL UPPER LEFT TO LOWER RIGHT
424,⡈,chaos_ordonné,BRAILLE PATTERN DOTS-47
425,∾,chaos_ordonné,INVERTED LAZY S
426,◙,chaos_ordonné,INVERSE WHITE CIRCLE
427,⇸,chaos_ordonné,RIGHTWARDS ARROW WITH VERTICAL STROKE
428,⬨,chaos_ordonné,WHITE MEDIUM LOZENGE
429,┎,chaos_ordonné,BOX DRAWINGS DOWN HEAVY AND RIGHT LIGHT
430,⚢,chaos_ordonné,DOUBLED FEMALE SIGN
431,♦,chaos_ordonné,BLACK DIAMOND SUIT
432,⢨,chaos_ordonné,BRAILLE PATTERN DOTS-468
433,╢,chaos_ordonné,BOX DRAWINGS VERTICAL DOUBLE AND LEFT SINGLE
434,⯼,chaos_ordonné,DOUBLED SYMBOL
435,╒,chaos_ordonné,BOX DRAWINGS DOWN SINGLE AND RIGHT DOUBLE
436,⫙,chaos_ordonné,ELEMENT OF OPENING DOWNWARDS
437,ⓟ,chaos_ordonné,CIRCLED LATIN SMALL LETTER P
438,₮,chaos_ordonné,TUGRIK SIGN
439,₭,chaos_ordonné,KIP SIGN
440,⏻,chaos_ordonné,POWER SYMBOL
441,┭,chaos_ordonné,BOX DRAWINGS LEFT HEAVY AND RIGHT DOWN LIGHT
442,⒄,chaos_ordonné,PARENTHESIZED NUMBER SEVENTEEN
443,⊗,chaos_ordonné,CIRCLED TIMES
444,⦂,chaos_ordonné,Z NOTATION TYPE COLON
445,⮝,chaos_ordonné,BLACK UPWARDS EQUILATERAL ARROWHEAD
446,⒉,chaos_ordonné,DIGIT TWO FULL STOP
447,⌻,chaos_ordonné,APL FUNCTIONAL SYMBOL QUAD JOT
448,┗,chaos_ordonné,BOX DRAWINGS HEAVY UP AND RIGHT
449,⦹,chaos_ordonné,CIRCLED PERPENDICULAR
450,⫷,chaos_ordonné,TRIPLE NESTED LESS-THAN
451,⊻,chaos_ordonné,XOR
452,⁓,chaos_ordonné,SWUNG DASH
453,℧,chaos_ordonné,INVERTED OHM SIGN
454,┮,chaos_ordonné,BOX DRAWINGS RIGHT HEAVY AND LEFT DOWN LIGHT
455,⭚,chaos_ordonné,SLANTED NORTH ARROW WITH HOOKED HEAD
456,⛜,chaos_ordonné,LEFT CLOSED ENTRY
457,⡵,chaos_ordonné,BRAILLE PATTERN DOTS-13567
458,⭲,chaos_ordonné,RIGHTWARDS TRIANGLE-HEADED ARROW TO BAR
459,⋘,chaos_ordonné,VERY MUCH LESS-THAN
460,⌤,chaos_ordonné,UP ARROWHEAD BETWEEN TWO HORIZONTAL BARS
461,♖,chaos_ordonné,WHITE CHESS ROOK
462,⤆,chaos_ordonné,LEFTWARDS DOUBLE ARROW FROM BAR
463,⛧,chaos_ordonné,INVERTED PENTAGRAM
464,✤,chaos_ordonné,HEAVY FOUR BALLOON-SPOKED ASTERISK
465,⦴,chaos_ordonné,EMPTY SET WITH LEFT ARROW ABOVE
466,ℐ,chaos_ordonné,SCRIPT CAPITAL I
467,⋜,chaos_ordonné,EQUAL TO OR LESS-THAN
468,❨,chaos_ordonné,MEDIUM LEFT PARENTHESIS ORNAMENT
469,▚,chaos_ordonné,QUADRANT UPPER LEFT AND LOWER RIGHT
470,⊷,chaos_ordonné,IMAGE OF
471,☙,chaos_ordonné,REVERSED ROTATED FLORAL HEART BULLET
472,ↈ,chaos_ordonné,ROMAN NUMERAL ONE HUNDRED THOUSAND
473,⫓,chaos_ordonné,SUBSET ABOVE SUPERSET
474,⑳,chaos_ordonné,CIRCLED NUMBER TWENTY
475,╋,chaos_ordonné,BOX DRAWINGS HEAVY VERTICAL AND HORIZONTAL
476,⛮,chaos_ordonné,GEAR WITH HANDLES
477,⇫,chaos_ordonné,UPWARDS WHITE ARROW ON PEDESTAL
478,⚡,chaos_ordonné,HIGH VOLTAGE SIGN
479,♧,chaos_ordonné,WHITE CLUB SUIT
480,⭋,chaos_ordonné,LEFTWARDS ARROW ABOVE REVERSE TILDE OPERATOR
481,⠴,chaos_ordonné,BRAILLE PATTERN DOTS-356
482,⡉,chaos_ordonné,BRAILLE PATTERN DOTS-147
483,ℿ,chaos_ordonné,DOUBLE-STRUCK CAPITAL PI
484,⪤,chaos_ordonné,GREATER-THAN OVERLAPPING LESS-THAN
485,╿,chaos_ordonné,BOX DRAWINGS HEAVY UP AND LIGHT DOWN
486,⦓,chaos_ordonné,LEFT ARC LESS-THAN BRACKET
487,⫡,chaos_ordonné,PERPENDICULAR WITH S
488,⠨,chaos_ordonné,BRAILLE PATTERN DOTS-46
489,⛤,chaos_ordonné,PENTAGRAM
490,ⅺ,chaos_ordonné,SMALL ROMAN NUMERAL ELEVEN
491,⥭,chaos_ordonné,RIGHTWARDS HARPOON WITH BARB DOWN BELOW LONG DASH
492,↽,chaos_ordonné,LEFTWARDS HARPOON WITH BARB DOWNWARDS
493,⟵,chaos_ordonné,LONG LEFTWARDS ARROW
494,⁬,chaos_ordonné,INHIBIT ARABIC FORM SHAPING
495,⩖,chaos_ordonné,TWO INTERSECTING LOGICAL OR
496,⬥,chaos_ordonné,BLACK MEDIUM DIAMOND
497,ₕ,chaos_ordonné,LATIN SUBSCRIPT SMALL LETTER H
498,⡥,chaos_ordonné,BRAILLE PATTERN DOTS-1367
499,⒒,chaos_ordonné,NUMBER ELEVEN FULL STOP
500,Ⅶ,hérésie_pure,ROMAN NUMERAL SEVEN
501,℥,hérésie_pure,OUNCE SIGN
502,⣫,hérésie_pure,BRAILLE PATTERN DOTS-124678
503,⍖,hérésie_pure,APL FUNCTIONAL SYMBOL DOWNWARDS VANE
504,⦫,hérésie_pure,MEASURED ANGLE WITH OPEN ARM ENDING IN ARROW POINTING DOWN AND LEFT
505,❇,hérésie_pure,SPARKLE
506,⚃,hérésie_pure,DIE FACE-4
507,‣,hérésie_pure,TRIANGULAR BULLET
508,⟙,hérésie_pure,LARGE DOWN TACK
509,❑,hérésie_pure,LOWER RIGHT SHADOWED WHITE SQUARE
510,⚦,hérésie_pure,MALE WITH STROKE SIGN
511,⇚,hérésie_pure,LEFTWARDS TRIPLE ARROW
512,⍷,hérésie_pure,APL FUNCTIONAL SYMBOL EPSILON UNDERBAR
513,⃩,hérésie_pure,COMBINING WIDE BRIDGE ABOVE
514,⚲,hérésie_pure,NEUTER
515,⮛,hérésie_pure,THREE-D LEFT-LIGHTED DOWNWARDS EQUILATERAL ARROWHEAD
516,⩹,hérésie_pure,LESS-THAN WITH CIRCLE INSIDE
517,⭙,hérésie_pure,HEAVY CIRCLED SALTIRE
518,⏿,hérésie_pure,OBSERVER EYE SYMBOL
519,❕,hérésie_pure,WHITE EXCLAMATION MARK ORNAMENT
520,⒖,hérésie_pure,NUMBER FIFTEEN FULL STOP
521,⣌,hérésie_pure,BRAILLE PATTERN DOTS-3478
522,₢,hérésie_pure,CRUZEIRO SIGN
523,₽,hérésie_pure,RUBLE SIGN
524,⥻,hérésie_pure,SUPERSET ABOVE LEFTWARDS ARROW
525,⍁,hérésie_pure,APL FUNCTIONAL SYMBOL QUAD SLASH
526,⥸,hérésie_pure,GREATER-THAN ABOVE RIGHTWARDS ARROW
527,⏞,hérésie_pure,TOP CURLY BRACKET
528,⒃,hérésie_pure,PARENTHESIZED NUMBER SIXTEEN
529,◃,hérésie_pure,WHITE LEFT-POINTING SMALL TRIANGLE
530,╃,hérésie_pure,BOX DRAWINGS LEFT UP HEAVY AND RIGHT DOWN LIGHT
531,♑,hérésie_pure,CAPRICORN
532,➜,hérésie_pure,HEAVY ROUND-TIPPED RIGHTWARDS ARROW
533,✂,hérésie_pure,BLACK SCISSORS
534,⍀,hérésie_pure,APL FUNCTIONAL SYMBOL BACKSLASH BAR
535,⊩,hérésie_pure,FORCES
536,➧,hérésie_pure,SQUAT BLACK RIGHTWARDS ARROW
537,╺,hérésie_pure,BOX DRAWINGS HEAVY RIGHT
538,⛞,hérésie_pure,FALLING DIAGONAL IN WHITE CIRCLE IN BLACK SQUARE
539,⥺,hérésie_pure,LEFTWARDS ARROW THROUGH SUBSET
540,⤠,hérésie_pure,RIGHTWARDS ARROW FROM BAR TO BLACK DIAMOND
541,⁆,hérésie_pure,RIGHT SQUARE BRACKET WITH QUILL
542,➾,hérésie_pure,OPEN-OUTLINED RIGHTWARDS ARROW
543,⮕,hérésie_pure,RIGHTWARDS BLACK ARROW
544,❪,hérésie_pure,MEDIUM FLATTENED LEFT PARENTHESIS ORNAMENT
545,⨵,hérésie_pure,MULTIPLICATION SIGN IN RIGHT HALF CIRCLE
546,≖,hérésie_pure,RING IN EQUAL TO
547,⨪,hérésie_pure,MINUS SIGN WITH DOT BELOW
548,⚹,hérésie_pure,SEXTILE
549,▉,hérésie_pure,LEFT SEVEN EIGHTHS BLOCK
550,⮴,hérésie_pure,RIBBON ARROW LEFT UP
551,⏒,hérésie_pure,METRICAL LONG OVER SHORT
552,⦍,hérésie_pure,LEFT SQUARE BRACKET WITH TICK IN TOP CORNER
553,➅,hérésie_pure,DINGBAT CIRCLED SANS-SERIF DIGIT SIX
554,⇉,hérésie_pure,RIGHTWARDS PAIRED ARROWS
555,♨,hérésie_pure,HOT SPRINGS
556,√,hérésie_pure,SQUARE ROOT
557,⤔,hérésie_pure,RIGHTWARDS ARROW WITH TAIL WITH VERTICAL STROKE
558,⎛,hérésie_pure,LEFT PARENTHESIS UPPER HOOK
559,≋,hérésie_pure,TRIPLE TILDE
560,⬪,hérésie_pure,BLACK SMALL LOZENGE
561,⒞,hérésie_pure,PARENTHESIZED LATIN SMALL LETTER C
562,◨,hérésie_pure,SQUARE WITH RIGHT HALF BLACK
563,⇨,hérésie_pure,RIGHTWARDS WHITE ARROW
564,∲,hérésie_pure,CLOCKWISE CONTOUR INTEGRAL
565,⫄,hérésie_pure,SUPERSET OF OR EQUAL TO WITH DOT ABOVE
566,⬞,déformation_réelle,WHITE VERY SMALL SQUARE
567,→,déformation_réelle,RIGHTWARDS ARROW
568,⌰,déformation_réelle,TOTAL RUNOUT
569,⒂,déformation_réelle,PARENTHESIZED NUMBER FIFTEEN
570,✷,déformation_réelle,EIGHT POINTED RECTILINEAR BLACK STAR
571,⟇,déformation_réelle,OR WITH DOT INSIDE
572,Ⅺ,déformation_réelle,ROMAN NUMERAL ELEVEN
573,✓,déformation_réelle,CHECK MARK
574,∴,déformation_réelle,THEREFORE
575,⚨,déformation_réelle,VERTICAL MALE WITH STROKE SIGN
576,⋍,déformation_réelle,REVERSED TILDE EQUALS
577,⠀,déformation_réelle,BRAILLE PATTERN BLANK
578,⍌,déformation_réelle,APL FUNCTIONAL SYMBOL QUAD DOWN CARET
579,⮨,déformation_réelle,BLACK CURVED DOWNWARDS AND LEFTWARDS ARROW
580,⌆,déformation_réelle,PERSPECTIVE
581,≜,déformation_réelle,DELTA EQUAL TO
582,☇,déformation_réelle,LIGHTNING
583,⢀,déformation_réelle,BRAILLE PATTERN DOTS-8
584,❲,déformation_réelle,LIGHT LEFT TORTOISE SHELL BRACKET ORNAMENT
585,⍽,déformation_réelle,SHOULDERED OPEN BOX
586,⇦,déformation_réelle,LEFTWARDS WHITE ARROW
587,ⅆ,déformation_réelle,DOUBLE-STRUCK ITALIC SMALL D
588,▐,déformation_réelle,RIGHT HALF BLOCK
589,❳,déformation_réelle,LIGHT RIGHT TORTOISE SHELL BRACKET ORNAMENT
590,ⅻ,déformation_réelle,SMALL ROMAN NUMERAL TWELVE
591,⠐,déformation_réelle,BRAILLE PATTERN DOTS-5
592,⠣,déformation_réelle,BRAILLE PATTERN DOTS-126
593,❺,déformation_réelle,DINGBAT NEGATIVE CIRCLED DIGIT FIVE
594,☽,déformation_réelle,FIRST QUARTER MOON
595,⊰,déformation_réelle,PRECEDES UNDER RELATION
596,−,déformation_réelle,MINUS SIGN
597,◠,déformation_réelle,UPPER HALF CIRCLE
598,⯊,déformation_réelle,TOP HALF BLACK CIRCLE
599,℆,déformation_réelle,CADA UNA
600,⒓,déformation_réelle,NUMBER TWELVE FULL STOP
601,⢵,déformation_réelle,BRAILLE PATTERN DOTS-13568
602,⩠,déformation_réelle,LOGICAL AND WITH DOUBLE UNDERBAR
603,⪥,déformation_réelle,GREATER-THAN BESIDE LESS-THAN
604,⦁,déformation_réelle,Z NOTATION SPOT
605,⩽,déformation_réelle,LESS-THAN OR SLANTED EQUAL TO
606,⠩,déformation_réelle,BRAILLE PATTERN DOTS-146
607,┖,déformation_réelle,BOX DRAWINGS UP HEAVY AND RIGHT LIGHT
608,⧓,déformation_réelle,BLACK BOWTIE
609,⃀,déformation_réelle,SOM SIGN
610,ⅽ,déformation_réelle,SMALL ROMAN NUMERAL ONE HUNDRED
611,②,déformation_réelle,CIRCLED DIGIT TWO
612,⑽,déformation_réelle,PARENTHESIZED NUMBER TEN
613,⁗,déformation_réelle,QUADRUPLE PRIME
614,⣓,déformation_réelle,BRAILLE PATTERN DOTS-12578
615,⯆,déformation_réelle,BLACK MEDIUM DOWN-POINTING TRIANGLE CENTRED
616,⧧,déformation_réelle,THERMODYNAMIC
617,⛁,déformation_réelle,WHITE DRAUGHTS KING
618,⩦,déformation_réelle,EQUALS SIGN WITH DOT BELOW
619,⓿,déformation_réelle,NEGATIVE CIRCLED DIGIT ZERO
620,⮔,déformation_réelle,FOUR CORNER ARROWS CIRCLING ANTICLOCKWISE
621,⋃,déformation_réelle,N-ARY UNION
622,⬾,déformation_réelle,LEFTWARDS ARROW THROUGH X
623,⩔,déformation_réelle,DOUBLE LOGICAL OR
624,⍉,déformation_réelle,APL FUNCTIONAL SYMBOL CIRCLE BACKSLASH
625,⭨,déformation_réelle,SOUTH EAST TRIANGLE-HEADED ARROW
626,⬆,déformation_réelle,UPWARDS BLACK ARROW
627,⏴,déformation_réelle,BLACK MEDIUM LEFT-POINTING TRIANGLE
628,⬂,déformation_réelle,SOUTH EAST WHITE ARROW
629,⬟,déformation_réelle,BLACK PENTAGON
630,⤡,déformation_réelle,NORTH WEST AND SOUTH EAST ARROW
631,ⓚ,déformation_réelle,CIRCLED LATIN SMALL LETTER K
632,⦵,déformation_réelle,CIRCLE WITH HORIZONTAL BAR
633,✗,blasphème_absolu,BALLOT X
634,⃨,blasphème_absolu,COMBINING TRIPLE UNDERDOT
635,▜,blasphème_absolu,QUADRANT UPPER LEFT AND UPPER RIGHT AND LOWER RIGHT
636,⊙,blasphème_absolu,CIRCLED DOT OPERATOR
637,⛶,blasphème_absolu,SQUARE FOUR CORNERS
638,⬸,blasphème_absolu,LEFTWARDS ARROW WITH DOTTED STEM
639,⌧,blasphème_absolu,X IN A RECTANGLE BOX
640,⠘,blasphème_absolu,BRAILLE PATTERN DOTS-45
641,⚣,blasphème_absolu,DOUBLED MALE SIGN
642,↔,blasphème_absolu,LEFT RIGHT ARROW
643,∰,blasphème_absolu,VOLUME INTEGRAL
644,⁖,blasphème_absolu,THREE DOT PUNCTUATION
645,▌,blasphème_absolu,LEFT HALF BLOCK
646,⡙,blasphème_absolu,BRAILLE PATTERN DOTS-1457
647,➑,blasphème_absolu,DINGBAT NEGATIVE CIRCLED SANS-SERIF DIGIT EIGHT
648,⫥,blasphème_absolu,DOUBLE VERTICAL BAR DOUBLE LEFT TURNSTILE
649,⭽,blasphème_absolu,DOWNWARDS TRIANGLE-HEADED ARROW WITH DOUBLE HORIZONTAL STROKE
650,ℑ,blasphème_absolu,BLACK-LETTER CAPITAL I
651,╯,blasphème_absolu,BOX DRAWINGS LIGHT ARC UP AND LEFT
652,⚵,blasphème_absolu,JUNO
653,◂,blasphème_absolu,BLACK LEFT-POINTING SMALL TRIANGLE
654,⤑,blasphème_absolu,RIGHTWARDS ARROW WITH DOTTED STEM
655,℈,blasphème_absolu,SCRUPLE
656,⠤,blasphème_absolu,BRAILLE PATTERN DOTS-36
657,⅘,blasphème_absolu,VULGAR FRACTION FOUR FIFTHS
658,⬫,blasphème_absolu,WHITE SMALL LOZENGE
659,☧,blasphème_absolu,CHI RHO
660,⤋,blasphème_absolu,DOWNWARDS TRIPLE ARROW
661,⢢,blasphème_absolu,BRAILLE PATTERN DOTS-268
662,⨅,blasphème_absolu,N-ARY SQUARE INTERSECTION OPERATOR
663,⚠,blasphème_absolu,WARNING SIGN
664,ⁿ,blasphème_absolu,SUPERSCRIPT LATIN SMALL LETTER N
665,⏯,blasphème_absolu,BLACK RIGHT-POINTING TRIANGLE WITH DOUBLE VERTICAL BAR
